{"M": {"cte": -0.5576565660408513, "d_0": 0.0036448086695760645, "d_1": -0.0012356092452767064, "d_2": 0.0005286827835164375, "d_3": 3.61298222876914e-05, "d_4": 0.3169863053426278, "d_5": 0.19661745325055294, "d_6": 0.1372354921559269, "d_7": 0.36654421735091836, "d_8": 0.31509790067524224, "d_9": 0.3349372510508195, "d_10": 0.04205058022030755, "d_11": -0.011465745115883438, "d_12": 0.005347450157863882, "d_13": 0.0002690149937845473, "d_14": -1.0679203594952182, "d_15": 0.21303911988559776, "d_16": 0.04147350666605691, "d_17": 1.0697625035661629, "d_18": 0.16762083506069528, "d_19": 1.1261260883831872, "d_20": 0.003041810204450871, "d_21": -0.0007824897518219016, "d_22": 0.00043315016449808544, "d_23": 2.6522356445628196e-05, "d_24": 0.17113805927085415, "d_25": 0.05621555449607854, "d_26": 0.03676376635547434, "d_27": 0.2273363795601068, "d_28": 0.16086613337069677, "d_29": 0.3658232002864764}, "B": {"cte": 0.5576565660408513, "d_0": -0.0036448086695760645, "d_1": 0.0012356092452767064, "d_2": -0.0005286827835164375, "d_3": -3.61298222876914e-05, "d_4": -0.3169863053426279, "d_5": -0.19661745325055294, "d_6": -0.1372354921559269, "d_7": -0.36654421735091836, "d_8": -0.3150979006752421, "d_9": -0.3349372510508195, "d_10": -0.04205058022030755, "d_11": 0.011465745115883438, "d_12": -0.005347450157863882, "d_13": -0.0002690149937845473, "d_14": 1.0679203594952182, "d_15": -0.21303911988559776, "d_16": -0.04147350666605692, "d_17": -1.0697625035661629, "d_18": -0.16762083506069525, "d_19": -1.1261260883831872, "d_20": -0.003041810204450871, "d_21": 0.0007824897518219015, "d_22": -0.00043315016449808555, "d_23": -2.6522356445628196e-05, "d_24": -0.17113805927085415, "d_25": -0.05621555449607854, "d_26": -0.03676376635547434, "d_27": -0.2273363795601068, "d_28": -0.16086613337069677, "d_29": -0.3658232002864764}}